﻿<?xml version="1.0" encoding="utf-8" ?>
<config>
  <Channel name="产品" ID="7ccebaa0-d82f-416e-b0b9-f2030683a887" >
    <Site name="京东商城" username="gathersite" password="gathersite" ID="2bb6a65e-6b46-4726-8a6c-a9f1a6c75e78" homepage="http://www.360buy.com" Dll="WebbrowserControl.Dll" class="WebbrowserControl.JingDongWebSite"></Site>
  </Channel>
  <Channel name="国内酒店" ID="e566d889-77c2-466a-9e59-578a158174fd">
    <Site name="携程酒店" username="gathersite" password="gathersite" ID="bb40fe7d-dc6e-4ba7-8cef-025a2cff80fc" homepage="http://hotels.ctrip.com/Domestic/SearchHotel.aspx" Dll="WebbrowserControl.Dll" class="WebbrowserControl.CtripHotelSite"></Site>
  </Channel>
  <Channel name="国内机票" ID="bd42cdc0-bca4-40ef-9238-e38bbb5b047b">
    <Site name="携程机票" username="gathersite" password="gathersite" ID="bb40fe7d-dc6e-4ba7-8cef-025a2cff80fc" homepage="http://flights.ctrip.com/Domestic/SearchFlights.aspx" Dll="WebbrowserControl.Dll" class="WebbrowserControl.CtripPlaneSite"></Site>
  </Channel>
</config>
