﻿<?xml version="1.0" encoding="utf-8" ?>
<log4net>
  <root>
    <level value="ALL"/>
    <appender-ref ref="LogFileAppender"/>
  </root>
  <logger name="logerror">
    <level value="ERROR" />
    <appender-ref ref="LogFileAppender" />
  </logger>
  <appender name="LogFileAppender" type="log4net.Appender.FileAppender">
    <param name="File" value="my_log-file.txt"/>
    <param name="AppendToFile" value="true"/>
    <layout type="log4net.Layout.PatternLayout">
      <param name="ConversionPattern" value="%d [%t] %-5p %c [%x] &lt;%X{auth}&gt;%n - %m%n"/>
    </layout>
  </appender>
</log4net>